{
  "accuracy": 0.7137678895069058,
  "auc_roc": 0.7882838138315714,
  "classification_report": {
    "0": {
      "precision": 0.9935478168640622,
      "recall": 0.7138049276098553,
      "f1-score": 0.8307589978567733,
      "support": 47244.0
    },
    "1": {
      "precision": 0.03840409643695328,
      "recall": 0.7114624505928854,
      "f1-score": 0.0728744939271255,
      "support": 759.0
    },
    "accuracy": 0.7137678895069058,
    "macro avg": {
      "precision": 0.5159759566505078,
      "recall": 0.7126336891013703,
      "f1-score": 0.4518167458919494,
      "support": 48003.0
    },
    "weighted avg": {
      "precision": 0.9784455506764452,
      "recall": 0.7137678895069058,
      "f1-score": 0.818775698094621,
      "support": 48003.0
    }
  },
  "confusion_matrix": [
    [
      33723,
      13521
    ],
    [
      219,
      540
    ]
  ]
}