{
  "accuracy": 0.892840070664034,
  "auc_roc": 0.9581034109008089,
  "classification_report": {
    "0": {
      "precision": 0.9983230195096604,
      "recall": 0.8926127724277749,
      "f1-score": 0.9425131006801204,
      "support": 47352.0
    },
    "1": {
      "precision": 0.11978535572096244,
      "recall": 0.9069462647444299,
      "f1-score": 0.21162079510703363,
      "support": 763.0
    },
    "accuracy": 0.892840070664034,
    "macro avg": {
      "precision": 0.5590541876153114,
      "recall": 0.8997795185861024,
      "f1-score": 0.577066947893577,
      "support": 48115.0
    },
    "weighted avg": {
      "precision": 0.9843913092847665,
      "recall": 0.892840070664034,
      "f1-score": 0.9309227270097004,
      "support": 48115.0
    }
  },
  "confusion_matrix": [
    [
      42267,
      5085
    ],
    [
      71,
      692
    ]
  ]
}