{
  "accuracy": 0.8908240673386678,
  "auc_roc": 0.96076240404404,
  "classification_report": {
    "0": {
      "precision": 0.9981779460482726,
      "recall": 0.8907071517557381,
      "f1-score": 0.9413851973353865,
      "support": 47359.0
    },
    "1": {
      "precision": 0.11596925704526045,
      "recall": 0.8981481481481481,
      "f1-score": 0.20541521706247165,
      "support": 756.0
    },
    "accuracy": 0.8908240673386678,
    "macro avg": {
      "precision": 0.5570736015467666,
      "recall": 0.8944276499519431,
      "f1-score": 0.573400207198929,
      "support": 48115.0
    },
    "weighted avg": {
      "precision": 0.9843163692242827,
      "recall": 0.8908240673386678,
      "f1-score": 0.9298213751367722,
      "support": 48115.0
    }
  },
  "confusion_matrix": [
    [
      42183,
      5176
    ],
    [
      77,
      679
    ]
  ]
}