{
  "accuracy": 0.8842772524160865,
  "auc_roc": 0.8969247397873842,
  "classification_report": {
    "0": {
      "precision": 0.9946026560613592,
      "recall": 0.8872347165030092,
      "f1-score": 0.9378557557088328,
      "support": 47355.0
    },
    "1": {
      "precision": 0.09059945504087194,
      "recall": 0.7,
      "f1-score": 0.16043425814234016,
      "support": 760.0
    },
    "accuracy": 0.8842772524160865,
    "macro avg": {
      "precision": 0.5426010555511156,
      "recall": 0.7936173582515046,
      "f1-score": 0.5491450069255865,
      "support": 48115.0
    },
    "weighted avg": {
      "precision": 0.9803234825650365,
      "recall": 0.8842772524160865,
      "f1-score": 0.925576002240049,
      "support": 48115.0
    }
  },
  "confusion_matrix": [
    [
      42015,
      5340
    ],
    [
      228,
      532
    ]
  ]
}