{
  "accuracy": 0.7848602258051077,
  "auc_roc": 0.8554552110899374,
  "classification_report": {
    "0": {
      "precision": 0.9954905381827942,
      "recall": 0.7849598916333312,
      "f1-score": 0.8777780407564318,
      "support": 47247.0
    },
    "1": {
      "precision": 0.05497163054599572,
      "recall": 0.7786561264822134,
      "f1-score": 0.10269331016507385,
      "support": 759.0
    },
    "accuracy": 0.7848602258051077,
    "macro avg": {
      "precision": 0.5252310843643949,
      "recall": 0.7818080090577724,
      "f1-score": 0.49023567546075286,
      "support": 48006.0
    },
    "weighted avg": {
      "precision": 0.9806204417178455,
      "recall": 0.7848602258051077,
      "f1-score": 0.8655235452658923,
      "support": 48006.0
    }
  },
  "confusion_matrix": [
    [
      37087,
      10160
    ],
    [
      168,
      591
    ]
  ]
}